use autoRental;

-- Inserciones en la tabla Sucursales
INSERT INTO Sucursales (ciudad, direccion, telefono, correo) VALUES
('Bogotá', 'Calle 100 #20-30', '1 234 5678', 'sucursal1@empresa.com'),
('Medellín', 'Carrera 45 #60-80', '4 123 4567', 'sucursal2@empresa.com'),
('Cali', 'Avenida 3N #10-50', '2 987 6543', 'sucursal3@empresa.com'),
('Barranquilla', 'Calle 80 #25-15', '5 678 9012', 'sucursal4@empresa.com'),
('Cartagena', 'Carrera 10 #30-40', '5 345 6789', 'sucursal5@empresa.com');

-- Inserciones en la tabla Clientes (100 registros)
INSERT INTO Clientes (cedula, nombres, apellidos, correo, celular, ciudad, direccion) VALUES
('1234567890', 'Juan', 'Pérez', 'juan.perez@example.com', '3112345678', 'Bogotá', 'Calle 1 #123'),
('2345678901', 'María', 'Gómez', 'maria.gomez@example.com', '3223456789', 'Medellín', 'Carrera 2 #456'),
('3456789012', 'Pedro', 'Martínez', 'pedro.martinez@example.com', '3334567890', 'Cali', 'Avenida 3 #789'),
('4567890123', 'Ana', 'Rodríguez', 'ana.rodriguez@example.com', '3445678901', 'Barranquilla', 'Calle 4 #234'),
('5678901234', 'Luis', 'García', 'luis.garcia@example.com', '3556789012', 'Cartagena', 'Carrera 5 #567'),
('6789012345', 'Laura', 'Hernández', 'laura.hernandez@example.com', '3667890123', 'Bogotá', 'Calle 6 #890'),
('7890123456', 'Carlos', 'López', 'carlos.lopez@example.com', '3778901234', 'Medellín', 'Carrera 7 #123'),
('8901234567', 'Sofía', 'Díaz', 'sofia.diaz@example.com', '3889012345', 'Cali', 'Avenida 8 #456'),
('9012345678', 'Andrés', 'Sánchez', 'andres.sanchez@example.com', '3990123456', 'Barranquilla', 'Calle 9 #789'),
('0123456789', 'Diana', 'Ramírez', 'diana.ramirez@example.com', '3001234567', 'Cartagena', 'Carrera 10 #012'),
('1230123012', 'Gabriel', 'Góngora', 'gabriel.gongora@example.com', '3111122222', 'Bogotá', 'Calle 100 #100'),
('2341234123', 'Mariana', 'Vargas', 'mariana.vargas@example.com', '3222233333', 'Medellín', 'Carrera 200 #200'),
('3452345234', 'Roberto', 'Pérez', 'roberto.perez@example.com', '3333333333', 'Cali', 'Avenida 300 #300'),
('4563456345', 'Camila', 'Gutiérrez', 'camila.gutierrez@example.com', '3444444444', 'Barranquilla', 'Calle 400 #400'),
('5674567456', 'Fernando', 'González', 'fernando.gonzalez@example.com', '3555555555', 'Cartagena', 'Carrera 500 #500'),
('6785678567', 'Carolina', 'Herrera', 'carolina.herrera@example.com', '3666666666', 'Bogotá', 'Calle 600 #600'),
('7896789678', 'Javier', 'Suárez', 'javier.suarez@example.com', '3777777777', 'Medellín', 'Carrera 700 #700'),
('8907890789', 'Patricia', 'Londoño', 'patricia.londono@example.com', '3888888888', 'Cali', 'Avenida 800 #800'),
('9018901890', 'Diego', 'Castro', 'diego.castro@example.com', '3999999999', 'Barranquilla', 'Calle 900 #900'),
('0129012901', 'Paula', 'Mendoza', 'paula.mendoza@example.com', '3000000000', 'Cartagena', 'Carrera 1000 #1000'),
('1230123012', 'Mateo', 'Álvarez', 'mateo.alvarez@example.com', '3111111111', 'Bogotá', 'Calle 1100 #1100'),
('2341234123', 'Valentina', 'Rojas', 'valentina.rojas@example.com', '3222222222', 'Medellín', 'Carrera 1200 #1200'),
('3452345234', 'Santiago', 'Ospina', 'santiago.ospina@example.com', '3333333333', 'Cali', 'Avenida 1300 #1300'),
('4563456345', 'Isabella', 'Jiménez', 'isabella.jimenez@example.com', '3444444444', 'Barranquilla', 'Calle 1400 #1400'),
('5674567456', 'Lucas', 'Ortega', 'lucas.ortega@example.com', '3555555555', 'Cartagena', 'Carrera 1500 #1500'),
('6785678567', 'Marcela', 'Restrepo', 'marcela.restrepo@example.com', '3666666666', 'Bogotá', 'Calle 1600 #1600'),
('7896789678', 'Daniel', 'Santos', 'daniel.santos@example.com', '3777777777', 'Medellín', 'Carrera 1700 #1700'),
('8907890789', 'Alejandra', 'Herrera', 'alejandra.herrera@example.com', '3888888888', 'Cali', 'Avenida 1800 #1800'),
('9018901890', 'José', 'Gómez', 'jose.gomez@example.com', '3999999999', 'Barranquilla', 'Calle 1900 #1900'),
('0129012901', 'Fabiola', 'García', 'fabiola.garcia@example.com', '3000000000', 'Cartagena', 'Carrera 2000 #2000'),
('1230123012', 'Eduardo', 'Castro', 'eduardo.castro@example.com', '3111111111', 'Bogotá', 'Calle 2100 #2100'),
('2341234123', 'Juliana', 'Martínez', 'juliana.martinez@example.com', '3222222222', 'Medellín', 'Carrera 2200 #2200'),
('3452345234', 'Andrea', 'Moreno', 'andrea.moreno@example.com', '3333333333', 'Cali', 'Avenida 2300 #2300'),
('4563456345', 'Roberto', 'Rojas', 'roberto.rojas@example.com', '3444444444', 'Barranquilla', 'Calle 2400 #2400'),
('5674567456', 'María José', 'Sanchez', 'mariajose.sanchez@example.com', '3555555555', 'Cartagena', 'Carrera 2500 #2500'),
('6785678567', 'Sebastián', 'Gutierrez', 'sebastian.gutierrez@example.com', '3666666666', 'Bogotá', 'Calle 2600 #2600'),
('7896789678', 'Ana María', 'Gómez', 'anamaria.gomez@example.com', '3777777777', 'Medellín', 'Carrera 2700 #2700'),
('8907890789', 'Juan Pablo', 'Hernández', 'juanpablo.hernandez@example.com', '3888888888', 'Cali', 'Avenida 2800 #2800'),
('9018901890', 'Carolina', 'Ramírez', 'carolina.ramirez@example.com', '3999999999', 'Barranquilla', 'Calle 2900 #2900'),
('0129012901', 'Jorge', 'Torres', 'jorge.torres@example.com', '3000000000', 'Cartagena', 'Carrera 3000 #3000'),
('1230123012', 'Valeria', 'Pérez', 'valeria.perez@example.com', '3111111111', 'Bogotá', 'Calle 3100 #3100'),
('2341234123', 'Gabriel', 'Ortiz', 'gabriel.ortiz@example.com', '3222222222', 'Medellín', 'Carrera 3200 #3200'),
('3452345234', 'Camila', 'Vargas', 'camila.vargas@example.com', '3333333333', 'Cali', 'Avenida 3300 #3300'),
('4563456345', 'David', 'Gómez', 'david.gomez@example.com', '3444444444', 'Barranquilla', 'Calle 3400 #3400'),
('5674567456', 'Sara', 'Martínez', 'sara.martinez@example.com', '3555555555', 'Cartagena', 'Carrera 3500 #3500'),
('6785678567', 'Andrés', 'Rodríguez', 'andres.rodriguez@example.com', '3666666666', 'Bogotá', 'Calle 3600 #3600'),
('7896789678', 'Isabela', 'Suárez', 'isabela.suarez@example.com', '3777777777', 'Medellín', 'Carrera 3700 #3700'),
('8907890789', 'Alejandro', 'López', 'alejandro.lopez@example.com', '3888888888', 'Cali', 'Avenida 3800 #3800'),
('9018901890', 'Luciana', 'Herrera', 'luciana.herrera@example.com', '3999999999', 'Barranquilla', 'Calle 3900 #3900'),
('0129012901', 'Felipe', 'García', 'felipe.garcia@example.com', '3000000000', 'Cartagena', 'Carrera 4000 #4000'),
('1230123012', 'Valentina', 'Hernández', 'valentina.hernandez@example.com', '3111111111', 'Bogotá', 'Calle 4100 #4100'),
('2341234123', 'Martín', 'Sanchez', 'martin.sanchez@example.com', '3222222222', 'Medellín', 'Carrera 4200 #4200'),
('3452345234', 'Daniela', 'Castro', 'daniela.castro@example.com', '3333333333', 'Cali', 'Avenida 4300 #4300'),
('4563456345', 'Juan David', 'Ramírez', 'juandavid.ramirez@example.com', '3444444444', 'Barranquilla', 'Calle 4400 #4400'),
('5674567456', 'Antonella', 'Ortega', 'antonella.ortega@example.com', '3555555555', 'Cartagena', 'Carrera 4500 #4500'),
('6785678567', 'Manuel', 'Gutiérrez', 'manuel.gutierrez@example.com', '3666666666', 'Bogotá', 'Calle 4600 #4600'),
('7896789678', 'Ana Sofía', 'Gómez', 'anasofia.gomez@example.com', '3777777777', 'Medellín', 'Carrera 4700 #4700'),
('8907890789', 'Matías', 'Hernández', 'matias.hernandez@example.com', '3888888888', 'Cali', 'Avenida 4800 #4800'),
('9018901890', 'Catalina', 'Ramírez', 'catalina.ramirez@example.com', '3999999999', 'Barranquilla', 'Calle 4900 #4900'),
('0129012901', 'Emilio', 'Torres', 'emilio.torres@example.com', '3000000000', 'Cartagena', 'Carrera 5000 #5000'),
('1230123012', 'María Camila', 'Pérez', 'mariacamila.perez@example.com', '3111111111', 'Bogotá', 'Calle 5100 #5100'),
('2341234123', 'Diego', 'Ortiz', 'diego.ortiz@example.com', '3222222222', 'Medellín', 'Carrera 5200 #5200'),
('3452345234', 'Laura', 'Vargas', 'laura.vargas@example.com', '3333333333', 'Cali', 'Avenida 5300 #5300'),
('4563456345', 'Javier', 'Gómez', 'javier.gomez@example.com', '3444444444', 'Barranquilla', 'Calle 5400 #5400'),
('5674567456', 'Isabella', 'Martínez', 'isabella.martinez@example.com', '3555555555', 'Cartagena', 'Carrera 5500 #5500'),
('6785678567', 'Santiago', 'Rodríguez', 'santiago.rodriguez@example.com', '3666666666', 'Bogotá', 'Calle 5600 #5600'),
('7896789678', 'Gabriela', 'Suárez', 'gabriela.suarez@example.com', '3777777777', 'Medellín', 'Carrera 5700 #5700'),
('8907890789', 'Carlos', 'López', 'carlos.lopez@example.com', '3888888888', 'Cali', 'Avenida 5800 #5800'),
('9018901890', 'Valentina', 'Herrera', 'valentina.herrera@example.com', '3999999999', 'Barranquilla', 'Calle 5900 #5900'),
('0129012901', 'Jorge', 'García', 'jorge.garcia@example.com', '3000000000', 'Cartagena', 'Carrera 6000 #6000'),
('1230123012', 'Daniela', 'Ramírez', 'daniela.ramirez@example.com', '3111111111', 'Bogotá', 'Calle 6100 #6100'),
('2341234123', 'Mateo', 'Martínez', 'mateo.martinez@example.com', '3222222222', 'Medellín', 'Carrera 6200 #6200'),
('3452345234', 'María José', 'Sanchez', 'mariajose.sanchez@example.com', '3333333333', 'Cali', 'Avenida 6300 #6300'),
('4563456345', 'Sebastián', 'Gutierrez', 'sebastian.gutierrez@example.com', '3444444444', 'Barranquilla', 'Calle 6400 #6400'),
('5674567456', 'Ana María', 'Gómez', 'anamaria.gomez@example.com', '3555555555', 'Cartagena', 'Carrera 6500 #6500'),
('6785678567', 'David', 'Herrera', 'david.herrera@example.com', '3666666666', 'Bogotá', 'Calle 6600 #6600'),
('7896789678', 'Luciana', 'Suárez', 'luciana.suarez@example.com', '3777777777', 'Medellín', 'Carrera 6700 #6700'),
('8907890789', 'Alejandro', 'López', 'alejandro.lopez@example.com', '3888888888', 'Cali', 'Avenida 6800 #6800'),
('9018901890', 'Felipe', 'Ramírez', 'felipe.ramirez@example.com', '3999999999', 'Barranquilla', 'Calle 6900 #6900'),
('0129012901', 'Valeria', 'Torres', 'valeria.torres@example.com', '3000000000', 'Cartagena', 'Carrera 7000 #7000'),
('1230123012', 'Gabriel', 'Ortega', 'gabriel.ortega@example.com', '3111111111', 'Bogotá', 'Calle 7100 #7100'),
('2341234123', 'Camila', 'Vargas', 'camila.vargas@example.com', '3222222222', 'Medellín', 'Carrera 7200 #7200'),
('3452345234', 'Diego', 'Gómez', 'diego.gomez@example.com', '3333333333', 'Cali', 'Avenida 7300 #7300'),
('4563456345', 'Juan David', 'Martínez', 'juandavid.martinez@example.com', '3444444444', 'Barranquilla', 'Calle 7400 #7400'),
('5674567456', 'Antonella', 'Ortega', 'antonella.ortega@example.com', '3555555555', 'Cartagena', 'Carrera 7500 #7500'),
('6785678567', 'Manuel', 'Gutiérrez', 'manuel.gutierrez@example.com', '3666666666', 'Bogotá', 'Calle 7600 #7600'),
('7896789678', 'Ana Sofía', 'Gómez', 'anasofia.gomez@example.com', '3777777777', 'Medellín', 'Carrera 7700 #7700'),
('8907890789', 'Matías', 'Hernández', 'matias.hernandez@example.com', '3888888888', 'Cali', 'Avenida 7800 #7800'),
('9018901890', 'Catalina', 'Ramírez', 'catalina.ramirez@example.com', '3999999999', 'Barranquilla', 'Calle 7900 #7900'),
('0129012901', 'Emilio', 'Torres', 'emilio.torres@example.com', '3000000000', 'Cartagena', 'Carrera 8000 #8000'),
('1230123012', 'María Camila', 'Pérez', 'mariacamila.perez@example.com', '3111111111', 'Bogotá', 'Calle 8100 #8100'),
('2341234123', 'Diego', 'Ortiz', 'diego.ortiz@example.com', '3222222222', 'Medellín', 'Carrera 8200 #8200'),
('3452345234', 'Laura', 'Vargas', 'laura.vargas@example.com', '3333333333', 'Cali', 'Avenida 8300 #8300'),
('4563456345', 'Javier', 'Gómez', 'javier.gomez@example.com', '3444444444', 'Barranquilla', 'Calle 8400 #8400'),
('5674567456', 'Isabella', 'Martínez', 'isabella.martinez@example.com', '3555555555', 'Cartagena', 'Carrera 8500 #8500'),
('6785678567', 'Santiago', 'Rodríguez', 'santiago.rodriguez@example.com', '3666666666', 'Bogotá', 'Calle 8600 #8600'),
('7896789678', 'Gabriela', 'Suárez', 'gabriela.suarez@example.com', '3777777777', 'Medellín', 'Carrera 8700 #8700'),
('8907890789', 'Carlos', 'López', 'carlos.lopez@example.com', '3888888888', 'Cali', 'Avenida 8800 #8800'),
('9018901890', 'Valentina', 'Herrera', 'valentina.herrera@example.com', '3999999999', 'Barranquilla', 'Calle 8900 #8900'),
('0129012901', 'Jorge', 'García', 'jorge.garcia@example.com', '3000000000', 'Cartagena', 'Carrera 9000 #9000'),
('1230123012', 'Daniela', 'Ramírez', 'daniela.ramirez@example.com', '3111111111', 'Bogotá', 'Calle 9100 #9100'),
('2341234123', 'Mateo', 'Martínez', 'mateo.martinez@example.com', '3222222222', 'Medellín', 'Carrera 9200 #9200'),
('3452345234', 'María José', 'Sanchez', 'mariajose.sanchez@example.com', '3333333333', 'Cali', 'Avenida 9300 #9300'),
('4563456345', 'Sebastián', 'Gutierrez', 'sebastian.gutierrez@example.com', '3444444444', 'Barranquilla', 'Calle 9400 #9400'),
('5674567456', 'Ana María', 'Gómez', 'anamaria.gomez@example.com', '3555555555', 'Cartagena', 'Carrera 9500 #9500'),
('6785678567', 'David', 'Herrera', 'david.herrera@example.com', '3666666666', 'Bogotá', 'Calle 9600 #9600'),
('7896789678', 'Luciana', 'Suárez', 'luciana.suarez@example.com', '3777777777', 'Medellín', 'Carrera 9700 #9700'),
('8907890789', 'Alejandro', 'López', 'alejandro.lopez@example.com', '3888888888', 'Cali', 'Avenida 9800 #9800'),
('9018901890', 'Felipe', 'Ramírez', 'felipe.ramirez@example.com', '3999999999', 'Barranquilla', 'Calle 9900 #9900');

-- Inserciones en la tabla Empleados (100 registros)
INSERT INTO Empleados (cedula, nombre, apellido, correo, celular, ciudad, direccion) VALUES
('1234567890', 'Luis', 'Gómez', 'luis.gomez@example.com', '3112345678', 'Bogotá', 'Calle 1 #123'),
('2345678901', 'Ana', 'Martínez', 'ana.martinez@example.com', '3223456789', 'Medellín', 'Carrera 2 #456'),
('3456789012', 'Pedro', 'González', 'pedro.gonzalez@example.com', '3334567890', 'Cali', 'Avenida 3 #789'),
('4567890123', 'María', 'López', 'maria.lopez@example.com', '3445678901', 'Barranquilla', 'Calle 4 #234'),
('5678901234', 'Juan', 'Hernández', 'juan.hernandez@example.com', '3556789012', 'Cartagena', 'Carrera 5 #567'),
('6789012345', 'Sofía', 'Ramírez', 'sofia.ramirez@example.com', '3667890123', 'Bogotá', 'Calle 6 #890'),
('7890123456', 'Carlos', 'Suárez', 'carlos.suarez@example.com', '3778901234', 'Medellín', 'Carrera 7 #123'),
('8901234567', 'Laura', 'Gutiérrez', 'laura.gutierrez@example.com', '3889012345', 'Cali', 'Avenida 8 #456'),
('9012345678', 'Andrés', 'García', 'andres.garcia@example.com', '3990123456', 'Barranquilla', 'Calle 9 #789'),
('0123456789', 'Diana', 'Rodríguez', 'diana.rodriguez@example.com', '3001234567', 'Cartagena', 'Carrera 10 #012'),
('1230123012', 'Gabriel', 'Ortega', 'gabriel.ortega@example.com', '3111122222', 'Bogotá', 'Calle 100 #100'),
('2341234123', 'Mariana', 'Herrera', 'mariana.herrera@example.com', '3222233333', 'Medellín', 'Carrera 200 #200'),
('3452345234', 'Roberto', 'Castro', 'roberto.castro@example.com', '3333333333', 'Cali', 'Avenida 300 #300'),
('4563456345', 'Camila', 'Martínez', 'camila.martinez@example.com', '3444444444', 'Barranquilla', 'Calle 400 #400'),
('5674567456', 'Fernando', 'Gómez', 'fernando.gomez@example.com', '3555555555', 'Cartagena', 'Carrera 500 #500'),
('6785678567', 'Carolina', 'López', 'carolina.lopez@example.com', '3666666666', 'Bogotá', 'Calle 600 #600'),
('7896789678', 'Javier', 'Ramírez', 'javier.ramirez@example.com', '3777777777', 'Medellín', 'Carrera 700 #700'),
('8907890789', 'Patricia', 'Suárez', 'patricia.suarez@example.com', '3888888888', 'Cali', 'Avenida 800 #800'),
('9018901890', 'Diego', 'Hernández', 'diego.hernandez@example.com', '3999999999', 'Barranquilla', 'Calle 900 #900'),
('0129012901', 'Paula', 'Gutiérrez', 'paula.gutierrez@example.com', '3000000000', 'Cartagena', 'Carrera 1000 #1000'),
('1230123012', 'Mateo', 'Ortega', 'mateo.ortega@example.com', '3111111111', 'Bogotá', 'Calle 1100 #1100'),
('2341234123', 'Valentina', 'López', 'valentina.lopez@example.com', '3222222222', 'Medellín', 'Carrera 1200 #1200'),
('3452345234', 'Santiago', 'Ramírez', 'santiago.ramirez@example.com', '3333333333', 'Cali', 'Avenida 1300 #1300'),
('4563456345', 'Isabella', 'Suárez', 'isabella.suarez@example.com', '3444444444', 'Barranquilla', 'Calle 1400 #1400'),
('5674567456', 'Lucas', 'Hernández', 'lucas.hernandez@example.com', '3555555555', 'Cartagena', 'Carrera 1500 #1500'),
('6785678567', 'Marcela', 'Gómez', 'marcela.gomez@example.com', '3666666666', 'Bogotá', 'Calle 1600 #1600'),
('7896789678', 'Daniel', 'Ortega', 'daniel.ortega@example.com', '3777777777', 'Medellín', 'Carrera 1700 #1700'),
('8907890789', 'Alejandra', 'López', 'alejandra.lopez@example.com', '3888888888', 'Cali', 'Avenida 1800 #1800'),
('9018901890', 'José', 'Ramírez', 'jose.ramirez@example.com', '3999999999', 'Barranquilla', 'Calle 1900 #1900'),
('0129012901', 'Fabiola', 'Gómez', 'fabiola.gomez@example.com', '3000000000', 'Cartagena', 'Carrera 2000 #2000'),
('1230123012', 'Eduardo', 'Martínez', 'eduardo.martinez@example.com', '3111111111', 'Bogotá', 'Calle 2100 #2100'),
('2341234123', 'Juliana', 'Hernández', 'juliana.hernandez@example.com', '3222222222', 'Medellín', 'Carrera 2200 #2200'),
('3452345234', 'Andrea', 'López', 'andrea.lopez@example.com', '3333333333', 'Cali', 'Avenida 2300 #2300'),
('4563456345', 'Roberto', 'Ramírez', 'roberto.ramirez@example.com', '3444444444', 'Barranquilla', 'Calle 2400 #2400'),
('5674567456', 'María José', 'Gómez', 'mariajose.gomez@example.com', '3555555555', 'Cartagena', 'Carrera 2500 #2500'),
('6785678567', 'Sebastián', 'Ortega', 'sebastian.ortega@example.com', '3666666666', 'Bogotá', 'Calle 2600 #2600'),
('7896789678', 'Ana María', 'Martínez', 'anamaria.martinez@example.com', '3777777777', 'Medellín', 'Carrera 2700 #2700'),
('8907890789', 'Juan Pablo', 'Hernández', 'juanpablo.hernandez@example.com', '3888888888', 'Cali', 'Avenida 2800 #2800'),
('9018901890', 'Carolina', 'Ramírez', 'carolina.ramirez@example.com', '3999999999', 'Barranquilla', 'Calle 2900 #2900'),
('0129012901', 'Jorge', 'Torres', 'jorge.torres@example.com', '3000000000', 'Cartagena', 'Carrera 3000 #3000'),
('1230123012', 'Valeria', 'Pérez', 'valeria.perez@example.com', '3111111111', 'Bogotá', 'Calle 3100 #3100'),
('2341234123', 'Gabriel', 'Ortega', 'gabriel.ortega@example.com', '3222222222', 'Medellín', 'Carrera 3200 #3200'),
('3452345234', 'Camila', 'Vargas', 'camila.vargas@example.com', '3333333333', 'Cali', 'Avenida 3300 #3300'),
('4563456345', 'David', 'Gómez', 'david.gomez@example.com', '3444444444', 'Barranquilla', 'Calle 3400 #3400'),
('5674567456', 'Sara', 'Martínez', 'sara.martinez@example.com', '3555555555', 'Cartagena', 'Carrera 3500 #3500'),
('6785678567', 'Andrés', 'Hernández', 'andres.hernandez@example.com', '3666666666', 'Bogotá', 'Calle 3600 #3600'),
('7896789678', 'Isabela', 'Suárez', 'isabela.suarez@example.com', '3777777777', 'Medellín', 'Carrera 3700 #3700'),
('8907890789', 'Alejandro', 'López', 'alejandro.lopez@example.com', '3888888888', 'Cali', 'Avenida 3800 #3800'),
('9018901890', 'Luciana', 'Herrera', 'luciana.herrera@example.com', '3999999999', 'Barranquilla', 'Calle 3900 #3900'),
('0129012901', 'Felipe', 'García', 'felipe.garcia@example.com', '3000000000', 'Cartagena', 'Carrera 4000 #4000'),
('1230123012', 'Valentina', 'Hernández', 'valentina.hernandez@example.com', '3111111111', 'Bogotá', 'Calle 4100 #4100'),
('2341234123', 'Martín', 'Sanchez', 'martin.sanchez@example.com', '3222222222', 'Medellín', 'Carrera 4200 #4200'),
('3452345234', 'Daniela', 'Castro', 'daniela.castro@example.com', '3333333333', 'Cali', 'Avenida 4300 #4300'),
('4563456345', 'Juan David', 'Ramírez', 'juandavid.ramirez@example.com', '3444444444', 'Barranquilla', 'Calle 4400 #4400'),
('5674567456', 'Antonella', 'Ortega', 'antonella.ortega@example.com', '3555555555', 'Cartagena', 'Carrera 4500 #4500'),
('6785678567', 'Manuel', 'Gutiérrez', 'manuel.gutierrez@example.com', '3666666666', 'Bogotá', 'Calle 4600 #4600'),
('7896789678', 'Ana Sofía', 'Gómez', 'anasofia.gomez@example.com', '3777777777', 'Medellín', 'Carrera 4700 #4700'),
('8907890789', 'Matías', 'Hernández', 'matias.hernandez@example.com', '3888888888', 'Cali', 'Avenida 4800 #4800'),
('9018901890', 'Catalina', 'Ramírez', 'catalina.ramirez@example.com', '3999999999', 'Barranquilla', 'Calle 4900 #4900'),
('0129012901', 'Emilio', 'Torres', 'emilio.torres@example.com', '3000000000', 'Cartagena', 'Carrera 5000 #5000'),
('1230123012', 'María Camila', 'Pérez', 'mariacamila.perez@example.com', '3111111111', 'Bogotá', 'Calle 5100 #5100'),
('2341234123', 'Diego', 'Ortiz', 'diego.ortiz@example.com', '3222222222', 'Medellín', 'Carrera 5200 #5200'),
('3452345234', 'Laura', 'Vargas', 'laura.vargas@example.com', '3333333333', 'Cali', 'Avenida 5300 #5300'),
('4563456345', 'Javier', 'Gómez', 'javier.gomez@example.com', '3444444444', 'Barranquilla', 'Calle 5400 #5400'),
('5674567456', 'Isabella', 'Martínez', 'isabella.martinez@example.com', '3555555555', 'Cartagena', 'Carrera 5500 #5500'),
('6785678567', 'Santiago', 'Rodríguez', 'santiago.rodriguez@example.com', '3666666666', 'Bogotá', 'Calle 5600 #5600'),
('7896789678', 'Gabriela', 'Suárez', 'gabriela.suarez@example.com', '3777777777', 'Medellín', 'Carrera 5700 #5700'),
('8907890789', 'Carlos', 'López', 'carlos.lopez@example.com', '3888888888', 'Cali', 'Avenida 5800 #5800'),
('9018901890', 'Valentina', 'Herrera', 'valentina.herrera@example.com', '3999999999', 'Barranquilla', 'Calle 5900 #5900'),
('0129012901', 'Jorge', 'García', 'jorge.garcia@example.com', '3000000000', 'Cartagena', 'Carrera 6000 #6000'),
('1230123012', 'Daniela', 'Ramírez', 'daniela.ramirez@example.com', '3111111111', 'Bogotá', 'Calle 6100 #6100'),
('2341234123', 'Mateo', 'Martínez', 'mateo.martinez@example.com', '3222222222', 'Medellín', 'Carrera 6200 #6200'),
('3452345234', 'María José', 'Sanchez', 'mariajose.sanchez@example.com', '3333333333', 'Cali', 'Avenida 6300 #6300'),
('4563456345', 'Sebastián', 'Gutierrez', 'sebastian.gutierrez@example.com', '3444444444', 'Barranquilla', 'Calle 6400 #6400'),
('5674567456', 'Ana María', 'Gómez', 'anamaria.gomez@example.com', '3555555555', 'Cartagena', 'Carrera 6500 #6500'),
('6785678567', 'David', 'Herrera', 'david.herrera@example.com', '3666666666', 'Bogotá', 'Calle 6600 #6600'),
('7896789678', 'Luciana', 'Suárez', 'luciana.suarez@example.com', '3777777777', 'Medellín', 'Carrera 6700 #6700'),
('8907890789', 'Alejandro', 'López', 'alejandro.lopez@example.com', '3888888888', 'Cali', 'Avenida 6800 #6800'),
('9018901890', 'Felipe', 'Ramírez', 'felipe.ramirez@example.com', '3999999999', 'Barranquilla', 'Calle 6900 #6900'),
('0129012901', 'Valeria', 'Torres', 'valeria.torres@example.com', '3000000000', 'Cartagena', 'Carrera 7000 #7000'),
('1230123012', 'Gabriel', 'Ortega', 'gabriel.ortega@example.com', '3111111111', 'Bogotá', 'Calle 7100 #7100'),
('2341234123', 'Camila', 'Vargas', 'camila.vargas@example.com', '3222222222', 'Medellín', 'Carrera 7200 #7200'),
('3452345234', 'Diego', 'Gómez', 'diego.gomez@example.com', '3333333333', 'Cali', 'Avenida 7300 #7300'),
('4563456345', 'Juan David', 'Martínez', 'juandavid.martinez@example.com', '3444444444', 'Barranquilla', 'Calle 7400 #7400'),
('5674567456', 'Antonella', 'Ortega', 'antonella.ortega@example.com', '3555555555', 'Cartagena', 'Carrera 7500 #7500'),
('6785678567', 'Manuel', 'Gutiérrez', 'manuel.gutierrez@example.com', '3666666666', 'Bogotá', 'Calle 7600 #7600'),
('7896789678', 'Ana Sofía', 'Gómez', 'anasofia.gomez@example.com', '3777777777', 'Medellín', 'Carrera 7700 #7700'),
('8907890789', 'Matías', 'Hernández', 'matias.hernandez@example.com', '3888888888', 'Cali', 'Avenida 7800 #7800'),
('9018901890', 'Catalina', 'Ramírez', 'catalina.ramirez@example.com', '3999999999', 'Barranquilla', 'Calle 7900 #7900'),
('0129012901', 'Emilio', 'Torres', 'emilio.torres@example.com', '3000000000', 'Cartagena', 'Carrera 8000 #8000'),
('1230123012', 'María Camila', 'Pérez', 'mariacamila.perez@example.com', '3111111111', 'Bogotá', 'Calle 8100 #8100'),
('2341234123', 'Diego', 'Ortiz', 'diego.ortiz@example.com', '3222222222', 'Medellín', 'Carrera 8200 #8200'),
('3452345234', 'Laura', 'Vargas', 'laura.vargas@example.com', '3333333333', 'Cali', 'Avenida 8300 #8300'),
('4563456345', 'Javier', 'Gómez', 'javier.gomez@example.com', '3444444444', 'Barranquilla', 'Calle 8400 #8400'),
('5674567456', 'Isabella', 'Martínez', 'isabella.martinez@example.com', '3555555555', 'Cartagena', 'Carrera 8500 #8500'),
('6785678567', 'Santiago', 'Rodríguez', 'santiago.rodriguez@example.com', '3666666666', 'Bogotá', 'Calle 8600 #8600'),
('7896789678', 'Gabriela', 'Suárez', 'gabriela.suarez@example.com', '3777777777', 'Medellín', 'Carrera 8700 #8700'),
('8907890789', 'Carlos', 'López', 'carlos.lopez@example.com', '3888888888', 'Cali', 'Avenida 8800 #8800'),
('9018901890', 'Valentina', 'Herrera', 'valentina.herrera@example.com', '3999999999', 'Barranquilla', 'Calle 8900 #8900'),
('0129012901', 'Jorge', 'García', 'jorge.garcia@example.com', '3000000000', 'Cartagena', 'Carrera 9000 #9000'),
('1230123012', 'Daniela', 'Ramírez', 'daniela.ramirez@example.com', '3111111111', 'Bogotá', 'Calle 9100 #9100'),
('2341234123', 'Mateo', 'Martínez', 'mateo.martinez@example.com', '3222222222', 'Medellín', 'Carrera 9200 #9200'),
('3452345234', 'María José', 'Sanchez', 'mariajose.sanchez@example.com', '3333333333', 'Cali', 'Avenida 9300 #9300'),
('4563456345', 'Sebastián', 'Gutierrez', 'sebastian.gutierrez@example.com', '3444444444', 'Barranquilla', 'Calle 9400 #9400'),
('5674567456', 'Ana María', 'Gómez', 'anamaria.gomez@example.com', '3555555555', 'Cartagena', 'Carrera 9500 #9500'),
('6785678567', 'David', 'Herrera', 'david.herrera@example.com', '3666666666', 'Bogotá', 'Calle 9600 #9600'),
('7896789678', 'Luciana', 'Suárez', 'luciana.suarez@example.com', '3777777777', 'Medellín', 'Carrera 9700 #9700'),
('8907890789', 'Alejandro', 'López', 'alejandro.lopez@example.com', '3888888888', 'Cali', 'Avenida 9800 #9800'),
('9018901890', 'Felipe', 'Ramírez', 'felipe.ramirez@example.com', '3999999999', 'Barranquilla', 'Calle 9900 #9900');

-- Inserciones en la tabla Vehiculos (100 registros)
INSERT INTO Vehiculos (placa, tipo, color, motor, modelo, referencia, capacidad, puertas, sunroof) VALUES
('ABC123', 'Automóvil', 'Rojo', 'Gasolina', '2023', 'Sedán', 5, 4, true),
('DEF456', 'Automóvil', 'Azul', 'Gasolina', '2022', 'Hatchback', 5, 4, false),
('GHI789', 'Automóvil', 'Blanco', 'Diésel', '2021', 'SUV', 7, 4, true),
('JKL012', 'Automóvil', 'Negro', 'Gasolina', '2023', 'Camioneta', 5, 4, true),
('MNO345', 'Motocicleta', 'Negro', 'Gasolina', '2022', 'Deportiva', 1, 0, false),
('PQR678', 'Automóvil', 'Gris', 'Gasolina', '2021', 'Hatchback', 5, 4, false),
('STU901', 'Automóvil', 'Plateado', 'Gasolina', '2023', 'SUV', 7, 4, true),
('VWX234', 'Motocicleta', 'Azul', 'Gasolina', '2022', 'Naked', 1, 0, false),
('YZA567', 'Automóvil', 'Rojo', 'Gasolina', '2021', 'Sedán', 5, 4, true),
('BCD890', 'Automóvil', 'Blanco', 'Diésel', '2023', 'Camioneta', 5, 4, true),
('EFG123', 'Automóvil', 'Negro', 'Gasolina', '2022', 'Hatchback', 5, 4, false),
('HIJ456', 'Motocicleta', 'Verde', 'Gasolina', '2021', 'Deportiva', 1, 0, false),
('KLM789', 'Automóvil', 'Gris', 'Gasolina', '2023', 'SUV', 7, 4, true),
('NOP012', 'Automóvil', 'Plateado', 'Gasolina', '2022', 'Sedán', 5, 4, true),
('QRS345', 'Motocicleta', 'Negro', 'Gasolina', '2021', 'Naked', 1, 0, false),
('TUV678', 'Automóvil', 'Rojo', 'Gasolina', '2023', 'Hatchback', 5, 4, false),
('WXY901', 'Automóvil', 'Azul', 'Gasolina', '2022', 'SUV', 7, 4, true),
('ZAB234', 'Motocicleta', 'Blanco', 'Gasolina', '2021', 'Deportiva', 1, 0, false),
('CDE567', 'Automóvil', 'Negro', 'Gasolina', '2023', 'Camioneta', 5, 4, true),
('FGH890', 'Automóvil', 'Gris', 'Gasolina', '2022', 'Sedán', 5, 4, true),
('IJK123', 'Motocicleta', 'Plateado', 'Gasolina', '2021', 'Naked', 1, 0, false),
('LMN456', 'Automóvil', 'Rojo', 'Gasolina', '2023', 'Hatchback', 5, 4, false),
('OPQ789', 'Automóvil', 'Azul', 'Gasolina', '2022', 'SUV', 7, 4, true),
('RST012', 'Motocicleta', 'Blanco', 'Gasolina', '2021', 'Deportiva', 1, 0, false),
('UVW345', 'Automóvil', 'Negro', 'Gasolina', '2023', 'Camioneta', 5, 4, true),
('XYZ678', 'Automóvil', 'Gris', 'Gasolina', '2022', 'Sedán', 5, 4, true),
('ABC901', 'Motocicleta', 'Plateado', 'Gasolina', '2021', 'Naked', 1, 0, false),
('DEF234', 'Automóvil', 'Rojo', 'Gasolina', '2023', 'Hatchback', 5, 4, false),
('GHI567', 'Automóvil', 'Azul', 'Gasolina', '2022', 'SUV', 7, 4, true),
('JKL890', 'Motocicleta', 'Blanco', 'Gasolina', '2021', 'Deportiva', 1, 0, false),
('MNO123', 'Automóvil', 'Negro', 'Gasolina', '2023', 'Camioneta', 5, 4, true),
('PQR456', 'Automóvil', 'Gris', 'Gasolina', '2022', 'Sedán', 5, 4, true),
('STU789', 'Motocicleta', 'Plateado', 'Gasolina', '2021', 'Naked', 1, 0, false),
('VWX012', 'Automóvil', 'Rojo', 'Gasolina', '2023', 'Hatchback', 5, 4, false),
('YZA345', 'Automóvil', 'Azul', 'Gasolina', '2022', 'SUV', 7, 4, true),
('BCD678', 'Motocicleta', 'Blanco', 'Gasolina', '2021', 'Deportiva', 1, 0, false),
('EFG901', 'Automóvil', 'Negro', 'Gasolina', '2023', 'Camioneta', 5, 4, true),
('HIJ234', 'Automóvil', 'Gris', 'Gasolina', '2022', 'Sedán', 5, 4, true),
('KLM567', 'Motocicleta', 'Plateado', 'Gasolina', '2021', 'Naked', 1, 0, false),
('NOP890', 'Automóvil', 'Rojo', 'Gasolina', '2023', 'Hatchback', 5, 4, false),
('QRS123', 'Automóvil', 'Azul', 'Gasolina', '2022', 'SUV', 7, 4, true),
('TUV456', 'Motocicleta', 'Blanco', 'Gasolina', '2021', 'Deportiva', 1, 0, false),
('WXY789', 'Automóvil', 'Negro', 'Gasolina', '2023', 'Camioneta', 5, 4, true),
('ZAB012', 'Automóvil', 'Gris', 'Gasolina', '2022', 'Sedán', 5, 4, true),
('CDE345', 'Motocicleta', 'Plateado', 'Gasolina', '2021', 'Naked', 1, 0, false),
('FGH678', 'Automóvil', 'Rojo', 'Gasolina', '2023', 'Hatchback', 5, 4, false),
('IJK901', 'Automóvil', 'Azul', 'Gasolina', '2022', 'SUV', 7, 4, true),
('LMN234', 'Motocicleta', 'Blanco', 'Gasolina', '2021', 'Deportiva', 1, 0, false),
('OPQ567', 'Automóvil', 'Negro', 'Gasolina', '2023', 'Camioneta', 5, 4, true),
('RST890', 'Automóvil', 'Gris', 'Gasolina', '2022', 'Sedán', 5, 4, true),
('UVW123', 'Motocicleta', 'Plateado', 'Gasolina', '2021', 'Naked', 1, 0, false),
('XYZ456', 'Automóvil', 'Rojo', 'Gasolina', '2023', 'Hatchback', 5, 4, false),
('ABC789', 'Automóvil', 'Azul', 'Gasolina', '2022', 'SUV', 7, 4, true),
('DEF012', 'Motocicleta', 'Blanco', 'Gasolina', '2021', 'Deportiva', 1, 0, false),
('GHI345', 'Automóvil', 'Negro', 'Gasolina', '2023', 'Camioneta', 5, 4, true),
('JKL678', 'Automóvil', 'Gris', 'Gasolina', '2022', 'Sedán', 5, 4, true),
('MNO901', 'Motocicleta', 'Plateado', 'Gasolina', '2021', 'Naked', 1, 0, false),
('PQR234', 'Automóvil', 'Rojo', 'Gasolina', '2023', 'Hatchback', 5, 4, false),
('STU567', 'Automóvil', 'Azul', 'Gasolina', '2022', 'SUV', 7, 4, true),
('VWX890', 'Motocicleta', 'Blanco', 'Gasolina', '2021', 'Deportiva', 1, 0, false),
('YZA123', 'Automóvil', 'Negro', 'Gasolina', '2023', 'Camioneta', 5, 4, true),
('BCD456', 'Automóvil', 'Gris', 'Gasolina', '2022', 'Sedán', 5, 4, true),
('EFG789', 'Motocicleta', 'Plateado', 'Gasolina', '2021', 'Naked', 1, 0, false),
('HIJ012', 'Automóvil', 'Rojo', 'Gasolina', '2023', 'Hatchback', 5, 4, false),
('KLM345', 'Automóvil', 'Azul', 'Gasolina', '2022', 'SUV', 7, 4, true),
('NOP678', 'Motocicleta', 'Blanco', 'Gasolina', '2021', 'Deportiva', 1, 0, false),
('QRS901', 'Automóvil', 'Negro', 'Gasolina', '2023', 'Camioneta', 5, 4, true),
('TUV234', 'Automóvil', 'Gris', 'Gasolina', '2022', 'Sedán', 5, 4, true),
('WXY567', 'Motocicleta', 'Plateado', 'Gasolina', '2021', 'Naked', 1, 0, false),
('ZAB890', 'Automóvil', 'Rojo', 'Gasolina', '2023', 'Hatchback', 5, 4, false),
('CDE123', 'Automóvil', 'Azul', 'Gasolina', '2022', 'SUV', 7, 4, true),
('FGH456', 'Motocicleta', 'Blanco', 'Gasolina', '2021', 'Deportiva', 1, 0, false),
('IJK789', 'Automóvil', 'Negro', 'Gasolina', '2023', 'Camioneta', 5, 4, true),
('LMN012', 'Automóvil', 'Gris', 'Gasolina', '2022', 'Sedán', 5, 4, true),
('OPQ345', 'Motocicleta', 'Plateado', 'Gasolina', '2021', 'Naked', 1, 0, false),
('RST678', 'Automóvil', 'Rojo', 'Gasolina', '2023', 'Hatchback', 5, 4, false),
('UVW901', 'Automóvil', 'Azul', 'Gasolina', '2022', 'SUV', 7, 4, true),
('XYZ234', 'Motocicleta', 'Blanco', 'Gasolina', '2021', 'Deportiva', 1, 0, false),
('ABC567', 'Automóvil', 'Negro', 'Gasolina', '2023', 'Camioneta', 5, 4, true),
('DEF890', 'Automóvil', 'Gris', 'Gasolina', '2022', 'Sedán', 5, 4, true),
('GHI123', 'Motocicleta', 'Plateado', 'Gasolina', '2021', 'Naked', 1, 0, false),
('JKL456', 'Automóvil', 'Rojo', 'Gasolina', '2023', 'Hatchback', 5, 4, false),
('MNO789', 'Automóvil', 'Azul', 'Gasolina', '2022', 'SUV', 7, 4, true),
('PQR012', 'Motocicleta', 'Blanco', 'Gasolina', '2021', 'Deportiva', 1, 0, false),
('STU345', 'Automóvil', 'Negro', 'Gasolina', '2023', 'Camioneta', 5, 4, true),
('VWX678', 'Automóvil', 'Gris', 'Gasolina', '2022', 'Sedán', 5, 4, true),
('YZA901', 'Motocicleta', 'Plateado', 'Gasolina', '2021', 'Naked', 1, 0, false),
('BCD234', 'Automóvil', 'Rojo', 'Gasolina', '2023', 'Hatchback', 5, 4, false),
('EFG567', 'Automóvil', 'Azul', 'Gasolina', '2022', 'SUV', 7, 4, true),
('HIJ890', 'Motocicleta', 'Blanco', 'Gasolina', '2021', 'Deportiva', 1, 0, false),
('KLM123', 'Automóvil', 'Negro', 'Gasolina', '2023', 'Camioneta', 5, 4, true),
('NOP456', 'Automóvil', 'Gris', 'Gasolina', '2022', 'Sedán', 5, 4, true),
('QRS789', 'Motocicleta', 'Plateado', 'Gasolina', '2021', 'Naked', 1, 0, false),
('TUV012', 'Automóvil', 'Rojo', 'Gasolina', '2023', 'Hatchback', 5, 4, false),
('WXY345', 'Automóvil', 'Azul', 'Gasolina', '2022', 'SUV', 7, 4, true),
('ZAB678', 'Motocicleta', 'Blanco', 'Gasolina', '2021', 'Deportiva', 1, 0, false),
('CDE901', 'Automóvil', 'Negro', 'Gasolina', '2023', 'Camioneta', 5, 4, true),
('FGH234', 'Automóvil', 'Gris', 'Gasolina', '2022', 'Sedán', 5, 4, true),
('IJK567', 'Motocicleta', 'Plateado', 'Gasolina', '2021', 'Naked', 1, 0, false),
('LMN890', 'Automóvil', 'Rojo', 'Gasolina', '2023', 'Hatchback', 5, 4, false),
('OPQ123', 'Automóvil', 'Azul', 'Gasolina', '2022', 'SUV', 7, 4, true),
('RST456', 'Motocicleta', 'Blanco', 'Gasolina', '2021', 'Deportiva', 1, 0, false),
('UVW789', 'Automóvil', 'Negro', 'Gasolina', '2023', 'Camioneta', 5, 4, true),
('XYZ012', 'Automóvil', 'Gris', 'Gasolina', '2022', 'Sedán', 5, 4, true),
('ABC345', 'Motocicleta', 'Plateado', 'Gasolina', '2021', 'Naked', 1, 0, false),
('DEF678', 'Automóvil', 'Rojo', 'Gasolina', '2023', 'Hatchback', 5, 4, false),
('GHI901', 'Automóvil', 'Azul', 'Gasolina', '2022', 'SUV', 7, 4, true),
('JKL234', 'Motocicleta', 'Blanco', 'Gasolina', '2021', 'Deportiva', 1, 0, false),
('MNO567', 'Automóvil', 'Negro', 'Gasolina', '2023', 'Camioneta', 5, 4, true),
('PQR890', 'Automóvil', 'Gris', 'Gasolina', '2022', 'Sedán', 5, 4, true),
('STU123', 'Motocicleta', 'Plateado', 'Gasolina', '2021', 'Naked', 1, 0, false),
('VWX456', 'Automóvil', 'Rojo', 'Gasolina', '2023', 'Hatchback', 5, 4, false),
('YZA789', 'Automóvil', 'Azul', 'Gasolina', '2022', 'SUV', 7, 4, true),
('BCD012', 'Motocicleta', 'Blanco', 'Gasolina', '2021', 'Deportiva', 1, 0, false),
('EFG345', 'Automóvil', 'Negro', 'Gasolina', '2023', 'Camioneta', 5, 4, true),
('HIJ678', 'Automóvil', 'Gris', 'Gasolina', '2022', 'Sedán', 5, 4, true),
('KLM901', 'Motocicleta', 'Plateado', 'Gasolina', '2021', 'Naked', 1, 0, false),
('NOP234', 'Automóvil', 'Rojo', 'Gasolina', '2023', 'Hatchback', 5, 4, false),
('PQR567', 'Automóvil', 'Azul', 'Gasolina', '2022', 'SUV', 7, 4, true),
('STU890', 'Motocicleta', 'Blanco', 'Gasolina', '2021', 'Deportiva', 1, 0, false),
('VWX123', 'Automóvil', 'Negro', 'Gasolina', '2023', 'Camioneta', 5, 4, true),
('YZA456', 'Automóvil', 'Gris', 'Gasolina', '2022', 'Sedán', 5, 4, true),
('BCD789', 'Motocicleta', 'Plateado', 'Gasolina', '2021', 'Naked', 1, 0, false),
('EFG012', 'Automóvil', 'Rojo', 'Gasolina', '2023', 'Hatchback', 5, 4, false),
('HIJ345', 'Automóvil', 'Azul', 'Gasolina', '2022', 'SUV', 7, 4, true),
('KLM678', 'Motocicleta', 'Blanco', 'Gasolina', '2021', 'Deportiva', 1, 0, false),
('NOP901', 'Automóvil', 'Negro', 'Gasolina', '2023', 'Camioneta', 5, 4, true),
('PQR234', 'Automóvil', 'Gris', 'Gasolina', '2022', 'Sedán', 5, 4, true),
('STU567', 'Motocicleta', 'Plateado', 'Gasolina', '2021', 'Naked', 1, 0, false),
('VWX890', 'Automóvil', 'Rojo', 'Gasolina', '2023', 'Hatchback', 5, 4, false),
('YZA123', 'Automóvil', 'Azul', 'Gasolina', '2022', 'SUV', 7, 4, true),
('BCD456', 'Motocicleta', 'Blanco', 'Gasolina', '2021', 'Deportiva', 1, 0, false),
('EFG789', 'Automóvil', 'Negro', 'Gasolina', '2023', 'Camioneta', 5, 4, true),
('HIJ012', 'Automóvil', 'Gris', 'Gasolina', '2022', 'Sedán', 5, 4, true),
('KLM345', 'Motocicleta', 'Plateado', 'Gasolina', '2021', 'Naked', 1, 0, false),
('NOP678', 'Automóvil', 'Rojo', 'Gasolina', '2023', 'Hatchback', 5, 4, false),
('PQR901', 'Automóvil', 'Azul', 'Gasolina', '2022', 'SUV', 7, 4, true),
('STU234', 'Motocicleta', 'Blanco', 'Gasolina', '2021', 'Deportiva', 1, 0, false),
('VWX567', 'Automóvil', 'Negro', 'Gasolina', '2023', 'Camioneta', 5, 4, true),
('YZA890', 'Automóvil', 'Gris', 'Gasolina', '2022', 'Sedán', 5, 4, true);


-- Inserciones en la tabla Alquileres (10 registros de ejemplo)
INSERT INTO Alquileres (id, vehiculo_id, cliente_id, empleado_id, sucursal_id, fecha_salida, fecha_llegada, valor_dia, valor_semana, descuento, cotizado, pagado)
VALUES
(1, 1, 8, 5, 1, '2024-06-26', '2024-06-30', 100.00, 600.00, 0.00, 1, 0),
(2, 4, 7, 6, 2, '2024-06-27', '2024-07-03', 120.00, 720.00, 10.00, 1, 0),
(3, 5, 7, 6, 3, '2024-06-28', '2024-07-05', 110.00, 660.00, 5.00, 1, 0),
(4, 6, 7, 5, 4, '2024-06-29', '2024-07-04', 130.00, 780.00, 15.00, 1, 0),
(5, 7, 6, 2, 5, '2024-06-30', '2024-07-06', 90.00, 540.00, 0.00, 1, 0),
(6, 8, 6, 1, 1, '2024-07-01', '2024-07-07', 95.00, 570.00, 2.00, 1, 0),
(7, 8, 6, 12, 2, '2024-07-02', '2024-07-08', 105.00, 630.00, 0.00, 1, 0),
(8, 9, 5, 34, 3, '2024-07-03', '2024-07-09', 115.00, 690.00, 0.00, 1, 0),
(9, 9, 4, 56, 4, '2024-07-04', '2024-07-10', 125.00, 750.00, 0.00, 1, 0),
(10, 8, 4, 43, 5, '2024-07-05', '2024-07-11', 100.00, 600.00, 0.00, 1, 0);








